pid_controller1/error,pid_controller1/error,pid_controller1_error
pid_controller1/pid,pid_controller1/pid,pid_controller1_pid
pid_controller1/pid/error,pid_controller1/pid/error,pid_controller1_pid_error
pid_controller1/pid/Constant,pid_controller1/pid/Constant,pid_controller1_pid_Constant
pid_controller1/pid/Gain,pid_controller1/pid/Gain,pid_controller1_pid_Gain
pid_controller1/pid/Gain1,pid_controller1/pid/Gain1,pid_controller1_pid_Gain1
pid_controller1/pid/Gain2,pid_controller1/pid/Gain2,pid_controller1_pid_Gain2
pid_controller1/pid/Gain3,pid_controller1/pid/Gain3,pid_controller1_pid_Gain3
pid_controller1/pid/Product,pid_controller1/pid/Product,pid_controller1_pid_Product
pid_controller1/pid/Saturation,pid_controller1/pid/Saturation,pid_controller1_pid_Saturation
pid_controller1/pid/Sum,pid_controller1/pid/Sum,pid_controller1_pid_Sum
pid_controller1/pid/Sum1,pid_controller1/pid/Sum1,pid_controller1_pid_Sum1
pid_controller1/pid/Sum2,pid_controller1/pid/Sum2,pid_controller1_pid_Sum2
pid_controller1/pid/Unit Delay,pid_controller1/pid/UnitDelay,pid_controller1_pid_UnitDelay
pid_controller1/pid/Unit Delay1,pid_controller1/pid/UnitDelay1,pid_controller1_pid_UnitDelay1
pid_controller1/pid/voltage,pid_controller1/pid/voltage,pid_controller1_pid_voltage
pid_controller1/voltage,pid_controller1/voltage,pid_controller1_voltage
