branch_offset_rate210/Gain,branch_offset_rate210/Gain,branch_offset_rate210_Gain
branch_offset_rate210/Subsystem/In1,branch_offset_rate210/Subsystem/In1,branch_offset_rate210_Subsystem_In1
branch_offset_rate210/Subsystem/Add,branch_offset_rate210/Subsystem/Add,branch_offset_rate210_Subsystem_Add
branch_offset_rate210/Subsystem/Add1,branch_offset_rate210/Subsystem/Add1,branch_offset_rate210_Subsystem_Add1
branch_offset_rate210/Subsystem/Add2,branch_offset_rate210/Subsystem/Add2,branch_offset_rate210_Subsystem_Add2
branch_offset_rate210/Subsystem/Add3,branch_offset_rate210/Subsystem/Add3,branch_offset_rate210_Subsystem_Add3
branch_offset_rate210/Subsystem/Add4,branch_offset_rate210/Subsystem/Add4,branch_offset_rate210_Subsystem_Add4
branch_offset_rate210/Subsystem/Gain,branch_offset_rate210/Subsystem/Gain,branch_offset_rate210_Subsystem_Gain
branch_offset_rate210/Subsystem/Gain1,branch_offset_rate210/Subsystem/Gain1,branch_offset_rate210_Subsystem_Gain1
branch_offset_rate210/Subsystem/Gain10,branch_offset_rate210/Subsystem/Gain10,branch_offset_rate210_Subsystem_Gain10
branch_offset_rate210/Subsystem/Gain11,branch_offset_rate210/Subsystem/Gain11,branch_offset_rate210_Subsystem_Gain11
branch_offset_rate210/Subsystem/Gain12,branch_offset_rate210/Subsystem/Gain12,branch_offset_rate210_Subsystem_Gain12
branch_offset_rate210/Subsystem/Gain13,branch_offset_rate210/Subsystem/Gain13,branch_offset_rate210_Subsystem_Gain13
branch_offset_rate210/Subsystem/Gain14,branch_offset_rate210/Subsystem/Gain14,branch_offset_rate210_Subsystem_Gain14
branch_offset_rate210/Subsystem/Gain15,branch_offset_rate210/Subsystem/Gain15,branch_offset_rate210_Subsystem_Gain15
branch_offset_rate210/Subsystem/Gain16,branch_offset_rate210/Subsystem/Gain16,branch_offset_rate210_Subsystem_Gain16
branch_offset_rate210/Subsystem/Gain17,branch_offset_rate210/Subsystem/Gain17,branch_offset_rate210_Subsystem_Gain17
branch_offset_rate210/Subsystem/Gain18,branch_offset_rate210/Subsystem/Gain18,branch_offset_rate210_Subsystem_Gain18
branch_offset_rate210/Subsystem/Gain19,branch_offset_rate210/Subsystem/Gain19,branch_offset_rate210_Subsystem_Gain19
branch_offset_rate210/Subsystem/Gain2,branch_offset_rate210/Subsystem/Gain2,branch_offset_rate210_Subsystem_Gain2
branch_offset_rate210/Subsystem/Gain20,branch_offset_rate210/Subsystem/Gain20,branch_offset_rate210_Subsystem_Gain20
branch_offset_rate210/Subsystem/Gain21,branch_offset_rate210/Subsystem/Gain21,branch_offset_rate210_Subsystem_Gain21
branch_offset_rate210/Subsystem/Gain22,branch_offset_rate210/Subsystem/Gain22,branch_offset_rate210_Subsystem_Gain22
branch_offset_rate210/Subsystem/Gain23,branch_offset_rate210/Subsystem/Gain23,branch_offset_rate210_Subsystem_Gain23
branch_offset_rate210/Subsystem/Gain24,branch_offset_rate210/Subsystem/Gain24,branch_offset_rate210_Subsystem_Gain24
branch_offset_rate210/Subsystem/Gain25,branch_offset_rate210/Subsystem/Gain25,branch_offset_rate210_Subsystem_Gain25
branch_offset_rate210/Subsystem/Gain26,branch_offset_rate210/Subsystem/Gain26,branch_offset_rate210_Subsystem_Gain26
branch_offset_rate210/Subsystem/Gain27,branch_offset_rate210/Subsystem/Gain27,branch_offset_rate210_Subsystem_Gain27
branch_offset_rate210/Subsystem/Gain28,branch_offset_rate210/Subsystem/Gain28,branch_offset_rate210_Subsystem_Gain28
branch_offset_rate210/Subsystem/Gain3,branch_offset_rate210/Subsystem/Gain3,branch_offset_rate210_Subsystem_Gain3
branch_offset_rate210/Subsystem/Gain4,branch_offset_rate210/Subsystem/Gain4,branch_offset_rate210_Subsystem_Gain4
branch_offset_rate210/Subsystem/Gain5,branch_offset_rate210/Subsystem/Gain5,branch_offset_rate210_Subsystem_Gain5
branch_offset_rate210/Subsystem/Gain6,branch_offset_rate210/Subsystem/Gain6,branch_offset_rate210_Subsystem_Gain6
branch_offset_rate210/Subsystem/Gain7,branch_offset_rate210/Subsystem/Gain7,branch_offset_rate210_Subsystem_Gain7
branch_offset_rate210/Subsystem/Gain8,branch_offset_rate210/Subsystem/Gain8,branch_offset_rate210_Subsystem_Gain8
branch_offset_rate210/Subsystem/Gain9,branch_offset_rate210/Subsystem/Gain9,branch_offset_rate210_Subsystem_Gain9
branch_offset_rate210/Subsystem/Math Function1,branch_offset_rate210/Subsystem/MathFunction1,branch_offset_rate210_Subsystem_MathFunction1
branch_offset_rate210/Subsystem/Math Function10,branch_offset_rate210/Subsystem/MathFunction10,branch_offset_rate210_Subsystem_MathFunction10
branch_offset_rate210/Subsystem/Math Function11,branch_offset_rate210/Subsystem/MathFunction11,branch_offset_rate210_Subsystem_MathFunction11
branch_offset_rate210/Subsystem/Math Function12,branch_offset_rate210/Subsystem/MathFunction12,branch_offset_rate210_Subsystem_MathFunction12
branch_offset_rate210/Subsystem/Math Function13,branch_offset_rate210/Subsystem/MathFunction13,branch_offset_rate210_Subsystem_MathFunction13
branch_offset_rate210/Subsystem/Math Function14,branch_offset_rate210/Subsystem/MathFunction14,branch_offset_rate210_Subsystem_MathFunction14
branch_offset_rate210/Subsystem/Math Function15,branch_offset_rate210/Subsystem/MathFunction15,branch_offset_rate210_Subsystem_MathFunction15
branch_offset_rate210/Subsystem/Math Function16,branch_offset_rate210/Subsystem/MathFunction16,branch_offset_rate210_Subsystem_MathFunction16
branch_offset_rate210/Subsystem/Math Function17,branch_offset_rate210/Subsystem/MathFunction17,branch_offset_rate210_Subsystem_MathFunction17
branch_offset_rate210/Subsystem/Math Function18,branch_offset_rate210/Subsystem/MathFunction18,branch_offset_rate210_Subsystem_MathFunction18
branch_offset_rate210/Subsystem/Math Function2,branch_offset_rate210/Subsystem/MathFunction2,branch_offset_rate210_Subsystem_MathFunction2
branch_offset_rate210/Subsystem/Math Function3,branch_offset_rate210/Subsystem/MathFunction3,branch_offset_rate210_Subsystem_MathFunction3
branch_offset_rate210/Subsystem/Math Function4,branch_offset_rate210/Subsystem/MathFunction4,branch_offset_rate210_Subsystem_MathFunction4
branch_offset_rate210/Subsystem/Math Function5,branch_offset_rate210/Subsystem/MathFunction5,branch_offset_rate210_Subsystem_MathFunction5
branch_offset_rate210/Subsystem/Math Function6,branch_offset_rate210/Subsystem/MathFunction6,branch_offset_rate210_Subsystem_MathFunction6
branch_offset_rate210/Subsystem/Math Function7,branch_offset_rate210/Subsystem/MathFunction7,branch_offset_rate210_Subsystem_MathFunction7
branch_offset_rate210/Subsystem/Math Function8,branch_offset_rate210/Subsystem/MathFunction8,branch_offset_rate210_Subsystem_MathFunction8
branch_offset_rate210/Subsystem/Math Function9,branch_offset_rate210/Subsystem/MathFunction9,branch_offset_rate210_Subsystem_MathFunction9
branch_offset_rate210/Subsystem/S-Function,branch_offset_rate210/Subsystem/S_Function,branch_offset_rate210_Subsystem_S_Function
branch_offset_rate210/Subsystem/S-Function1,branch_offset_rate210/Subsystem/S_Function1,branch_offset_rate210_Subsystem_S_Function1
branch_offset_rate210/Subsystem/S-Function2,branch_offset_rate210/Subsystem/S_Function2,branch_offset_rate210_Subsystem_S_Function2
branch_offset_rate210/Subsystem/S-Function3,branch_offset_rate210/Subsystem/S_Function3,branch_offset_rate210_Subsystem_S_Function3
branch_offset_rate210/Subsystem/S-Function4,branch_offset_rate210/Subsystem/S_Function4,branch_offset_rate210_Subsystem_S_Function4
branch_offset_rate210/Subsystem/Sqrt1,branch_offset_rate210/Subsystem/Sqrt1,branch_offset_rate210_Subsystem_Sqrt1
branch_offset_rate210/Subsystem/Sqrt2,branch_offset_rate210/Subsystem/Sqrt2,branch_offset_rate210_Subsystem_Sqrt2
branch_offset_rate210/Subsystem/Sqrt3,branch_offset_rate210/Subsystem/Sqrt3,branch_offset_rate210_Subsystem_Sqrt3
branch_offset_rate210/Subsystem/Sqrt4,branch_offset_rate210/Subsystem/Sqrt4,branch_offset_rate210_Subsystem_Sqrt4
branch_offset_rate210/Subsystem/Sqrt5,branch_offset_rate210/Subsystem/Sqrt5,branch_offset_rate210_Subsystem_Sqrt5
branch_offset_rate210/Subsystem/Out1,branch_offset_rate210/Subsystem/Out1,branch_offset_rate210_Subsystem_Out1
branch_offset_rate210/Subsystem,branch_offset_rate210/Subsystem,branch_offset_rate210_Subsystem
branch_offset_rate210/Sum,branch_offset_rate210/Sum,branch_offset_rate210_Sum
branch_offset_rate210/Unit Delay,branch_offset_rate210/UnitDelay,branch_offset_rate210_UnitDelay
branch_offset_rate210/Unit Delay1,branch_offset_rate210/UnitDelay1,branch_offset_rate210_UnitDelay1
branch_offset_rate210/Unit Delay2,branch_offset_rate210/UnitDelay2,branch_offset_rate210_UnitDelay2
