branch_offset_rate210_Gain,,1
branch_offset_rate210_Subsystem,,0
branch_offset_rate210_Subsystem_Add,,0
branch_offset_rate210_Subsystem_Add1,,0
branch_offset_rate210_Subsystem_Add2,,0
branch_offset_rate210_Subsystem_Add3,,1
branch_offset_rate210_Subsystem_Add4,,0
branch_offset_rate210_Subsystem_Gain,,0
branch_offset_rate210_Subsystem_Gain1,,0
branch_offset_rate210_Subsystem_Gain10,,1
branch_offset_rate210_Subsystem_Gain11,,0
branch_offset_rate210_Subsystem_Gain12,,0
branch_offset_rate210_Subsystem_Gain13,,0
branch_offset_rate210_Subsystem_Gain14,,0
branch_offset_rate210_Subsystem_Gain15,,0
branch_offset_rate210_Subsystem_Gain16,,0
branch_offset_rate210_Subsystem_Gain17,,0
branch_offset_rate210_Subsystem_Gain18,,0
branch_offset_rate210_Subsystem_Gain19,,0
branch_offset_rate210_Subsystem_Gain2,,0
branch_offset_rate210_Subsystem_Gain20,,0
branch_offset_rate210_Subsystem_Gain21,,0
branch_offset_rate210_Subsystem_Gain22,,0
branch_offset_rate210_Subsystem_Gain23,,0
branch_offset_rate210_Subsystem_Gain24,,0
branch_offset_rate210_Subsystem_Gain25,,0
branch_offset_rate210_Subsystem_Gain26,,0
branch_offset_rate210_Subsystem_Gain27,,0
branch_offset_rate210_Subsystem_Gain28,,0
branch_offset_rate210_Subsystem_Gain3,,1
branch_offset_rate210_Subsystem_Gain4,,1
branch_offset_rate210_Subsystem_Gain5,,1
branch_offset_rate210_Subsystem_Gain6,,1
branch_offset_rate210_Subsystem_Gain7,,1
branch_offset_rate210_Subsystem_Gain8,,1
branch_offset_rate210_Subsystem_Gain9,,1
branch_offset_rate210_Subsystem_In1,,1
branch_offset_rate210_Subsystem_MathFunction1,,0
branch_offset_rate210_Subsystem_MathFunction10,,1
branch_offset_rate210_Subsystem_MathFunction11,,0
branch_offset_rate210_Subsystem_MathFunction12,,0
branch_offset_rate210_Subsystem_MathFunction13,,0
branch_offset_rate210_Subsystem_MathFunction14,,0
branch_offset_rate210_Subsystem_MathFunction15,,0
branch_offset_rate210_Subsystem_MathFunction16,,0
branch_offset_rate210_Subsystem_MathFunction17,,0
branch_offset_rate210_Subsystem_MathFunction18,,0
branch_offset_rate210_Subsystem_MathFunction2,,0
branch_offset_rate210_Subsystem_MathFunction3,,1
branch_offset_rate210_Subsystem_MathFunction4,,1
branch_offset_rate210_Subsystem_MathFunction5,,1
branch_offset_rate210_Subsystem_MathFunction6,,1
branch_offset_rate210_Subsystem_MathFunction7,,1
branch_offset_rate210_Subsystem_MathFunction8,,1
branch_offset_rate210_Subsystem_MathFunction9,,1
branch_offset_rate210_Subsystem_Out1,,1
branch_offset_rate210_Subsystem_S_Function,,0
branch_offset_rate210_Subsystem_S_Function1,,1
branch_offset_rate210_Subsystem_S_Function2,,1
branch_offset_rate210_Subsystem_S_Function3,,1
branch_offset_rate210_Subsystem_S_Function4,,1
branch_offset_rate210_Subsystem_Sqrt1,,0
branch_offset_rate210_Subsystem_Sqrt2,,0
branch_offset_rate210_Subsystem_Sqrt3,,1
branch_offset_rate210_Subsystem_Sqrt4,,1
branch_offset_rate210_Subsystem_Sqrt5,,1
branch_offset_rate210_Sum,,1
branch_offset_rate210_UnitDelay,,1
branch_offset_rate210_UnitDelay1,,1
branch_offset_rate210_UnitDelay2,,1
